{
    "best_params": {
        "t1": 9.744663882792835,
        "t2": 4.6666573957243465,
        "t3": 5.116925134347971,
        "t4": 3.7232508627258474,
        "t5": 8.84024101577442
    }
}